id,date,dnf,time,solving_method,device_name,device_model,device_color_scheme,user,one_turn_away_two_second_penalty,inspection_two_second_penalty,inspection_time,timer_time,missing_turn,solution,timer,description,session_name,session_ruleset,scramble,scramble_provider,ruleset,share_views,share_likes,share_comments,analysis_version,solution_rotation,pickup_time,putdown_time,solving_time,slice_turns,face_turns,quarter_turns,turns_per_second,total_recognition_time,total_execution_time,turns_after_solution,steps_skipped,step_0_name,step_0_moves,step_0_recorded_moves,step_0_skipped,step_0_has_turns,step_0_time,step_0_recognition_time,step_0_execution_time,step_0_cumulative_time,step_0_slice_turns,step_0_face_turns,step_0_quarter_turns,step_0_turns_per_second,step_1_name,step_1_moves,step_1_recorded_moves,step_1_skipped,step_1_has_turns,step_1_time,step_1_recognition_time,step_1_execution_time,step_1_cumulative_time,step_1_slice_turns,step_1_face_turns,step_1_quarter_turns,step_1_turns_per_second,step_2_name,step_2_moves,step_2_recorded_moves,step_2_skipped,step_2_has_turns,step_2_time,step_2_recognition_time,step_2_execution_time,step_2_cumulative_time,step_2_slice_turns,step_2_face_turns,step_2_quarter_turns,step_2_turns_per_second,step_3_name,step_3_moves,step_3_recorded_moves,step_3_skipped,step_3_has_turns,step_3_time,step_3_recognition_time,step_3_execution_time,step_3_cumulative_time,step_3_slice_turns,step_3_face_turns,step_3_quarter_turns,step_3_turns_per_second,step_4_name,step_4_moves,step_4_recorded_moves,step_4_skipped,step_4_has_turns,step_4_time,step_4_recognition_time,step_4_execution_time,step_4_cumulative_time,step_4_slice_turns,step_4_face_turns,step_4_quarter_turns,step_4_turns_per_second,step_5_name,step_5_moves,step_5_recorded_moves,step_5_skipped,step_5_has_turns,step_5_time,step_5_recognition_time,step_5_execution_time,step_5_cumulative_time,step_5_slice_turns,step_5_face_turns,step_5_quarter_turns,step_5_turns_per_second,step_6_name,step_6_moves,step_6_recorded_moves,step_6_skipped,step_6_has_turns,step_6_time,step_6_recognition_time,step_6_execution_time,step_6_cumulative_time,step_6_slice_turns,step_6_face_turns,step_6_quarter_turns,step_6_turns_per_second,step_7_name,step_7_moves,step_7_recorded_moves,step_7_skipped,step_7_has_turns,step_7_time,step_7_recognition_time,step_7_execution_time,step_7_cumulative_time,step_7_slice_turns,step_7_face_turns,step_7_quarter_turns,step_7_turns_per_second,step_8_name,step_8_moves,step_8_recorded_moves,step_8_skipped,step_8_has_turns,step_8_time,step_8_recognition_time,step_8_execution_time,step_8_cumulative_time,step_8_slice_turns,step_8_face_turns,step_8_quarter_turns,step_8_turns_per_second,step_0_case,step_1_case,step_2_case,step_3_case,step_4_case,step_5_case,step_6_case,step_7_case,step_8_case
ed5b3c27-713f-4460-ba6f-f88c683343f8,2025-04-02 18:54:39 UTC,false,16077,CFOP,Gan12uiM,Gan 12 UI Maglev,Gan 356i,RandomForest,false,false,63116,16077,,L[0] L[105] U[459] U[822] B[1072] B[1450] D[1531] B'[1644] D'[2071] D'[2232] B[2538] D'[2602] D'[2691] B'[2694] F[3094] D'[3311] F'[3601] D[3827] D[3916] F'[4181] D'[4278] F[4391] D[4689] L'[5052] D[5157] L[5310] D'[6116] R[6293] D'[6382] R'[6559] D'[6825] L[7228] D'[7300] L'[7413] D[7461] D[7590] F'[7896] D'[8017] F[8057] D'[8532] D'[8726] F[9386] D[9523] F'[9604] F[10325] D'[10438] F'[10526] F[10768] D[10857] F'[10969] D'[11018] F'[11130] R[11179] F[11283] F[11340] D[11469] F'[11589] D'[11638] R'[12048] F[13925] D[14038] F'[14119] U[14215] D'[14217] F[14217] F[14513] D'[14570] F[14650] D'[14803] F'[14908] D[14932] F'[15029] D[15093] F[15198] F[15755] U'[15940] D'[16077],,,gan12,custom_rules,U L2 B2 L' U' F' U2 F' R' U R2 F2 U' L2 U2 F2 U L2 B2 D' L2 U,random_state,custom_rules,,,,8,DB,0,0,16077,65,66,77,4.04,5816,10156,"",0,Cross,z2 R2 D2 B,z2[52] R2[105] D2[822] B[1072],false,true,967,0,967,1072,3,3,5,3.1,F2L Slot 1,B U B' U2' B U2' B' F U' F',B[1450] U[1531] B'[1644] U2'[2232] B[2538] U2'[2691] B'[2694] F[3094] U'[3311] F'[3601],false,true,2529,378,2151,3601,10,10,12,4.65,F2L Slot 2,U2 F' U' F U R' U R,U2[3916] F'[4181] U'[4278] F[4391] U[4689] R'[5052] U[5157] R[5310],false,true,1709,580,1129,5310,8,8,9,7.09,F2L Slot 3,U' L U' L',U'[6116] L[6293] U'[6382] L'[6559],false,true,1249,983,266,6559,4,4,4,15.04,F2L Slot 4,U' R U' R' U2 F' U' F,U'[6825] R[7228] U'[7300] R'[7413] U2[7590] F'[7896] U'[8017] F[8057],false,true,1498,669,829,8057,8,8,9,9.65,OLL,U2' F U F' F U' F' F U F' U' F' L F2 U F' U' L',U2'[8726] F[9386] U[9523] F'[9604] F[10325] U'[10438] F'[10526] F[10768] U[10857] F'[10969] U'[11018] F'[11130] L[11179] F2[11340] U[11469] F'[11589] U'[11638] L'[12048],false,true,3991,1329,2662,12048,18,18,20,6.76,PLL,F U F' E' L2 U' L U' L' U L' U L2 D' U',F[13925] U[14038] F'[14119] E'[14217] L2[14513] U'[14570] L[14650] U'[14803] L'[14908] U[14932] L'[15029] U[15093] L2[15755] D'[15940] U'[16077],false,true,4029,1877,2152,16077,15,16,18,6.97,,,,,,,,,,,,,,,,,,,,,,,,,,
f6f77986-d82e-47d1-9b48-07cbbdba8771,2025-04-02 18:55:19 UTC,false,18578,CFOP,Gan12uiM,Gan 12 UI Maglev,Gan 356i,RandomForest,false,false,5022,18578,,R'[0] D'[73] D'[347] R'[483] B[556] D'[911] R[1700] F'[1813] R'[1885] D'[2949] L'[3214] D[3328] D[3448] L[3617] B'[4906] D'[5078] B[5223] D[5762] D[5916] D'[6230] F[6407] D'[6826] F'[6987] B[7237] D'[7341] B'[7535] D'[7938] D'[8212] D'[9348] F'[9557] D[9638] F[9767] D'[10000] D'[10129] F[10346] D'[10411] D'[10499] F'[10725] D[11096] R'[11604] D'[11877] R[12087] D'[12272] L[12514] D[12618] L'[12763] D[12828] F'[13174] D'[13360] F[13416] D'[14230] F[14496] D'[14576] D'[14681] D'[15011] D[15694] F'[15855] D'[15993] F[16113] D'[16162] F'[16468] F[17289] D[17435] F'[17547] R'[17636] F[17717] D[17829] F'[17950] D'[17999] F'[18111] R[18160] F[18216] F[18280] D'[18329] F'[18417] D[18578],,,gan12,custom_rules,B' L' U' F' D2 L F R2 U' R U' F2 U' L2 U R2 F2 U' F2 R2 F2 U2,random_state,custom_rules,,,,8,DB,0,0,18578,66,67,76,3.55,6863,11715,"",0,Cross,z2 L' U2' L' B U' L F' L',z2[0] L'[0] U2'[347] L'[483] B[556] U'[911] L[1700] F'[1813] L'[1885],false,true,1885,0,1885,1885,8,8,9,4.24,F2L Slot 1,U' R' U2 R B' U' B,U'[2949] R'[3214] U2[3448] R[3617] B'[4906] U'[5078] B[5223],false,true,3338,1329,2009,5223,7,7,8,3.48,F2L Slot 2,U2 U' F U' S R' B' z',U2[5916] U'[6230] F[6407] U'[6826] S[7237] R'[7341] B'[7535] z'[7736],false,true,2312,1184,1128,7535,7,8,9,6.21,F2L Slot 3,U2' U' F' U F U2' F U2' F' U L' U' L,U2'[8212] U'[9348] F'[9557] U[9638] F[9767] U2'[10129] F[10346] U2'[10499] F'[10725] U[11096] L'[11604] U'[11877] L[12087],false,true,4552,2022,2530,12087,13,13,16,5.14,F2L Slot 4,U' R U R' U F' U' F,U'[12272] R[12514] U[12618] R'[12763] U[12828] F'[13174] U'[13360] F[13416],false,true,1329,427,902,13416,8,8,8,8.87,OLL,U' F U3' U F' U' F U' F',U'[14230] F[14496] U3'[15011] U[15694] F'[15855] U'[15993] F[16113] U'[16162] F'[16468],false,true,3052,1080,1972,16468,9,9,11,4.56,PLL,F U F' L' F U F' U' F' L F2 U' F' U,F[17289] U[17435] F'[17547] L'[17636] F[17717] U[17829] F'[17950] U'[17999] F'[18111] L[18160] F2[18280] U'[18329] F'[18417] U[18578],false,true,2110,821,1289,18578,14,14,15,10.86,,,,,,,,,,,,,,,,,,,,,,,,,,
ea5a7f32-03a6-4def-ae3e-7263ea908920,2025-04-02 18:56:13 UTC,false,25580,CFOP,Gan12uiM,Gan 12 UI Maglev,Gan 356i,RandomForest,false,false,15912,25580,,L[0] F'[491] D'[661] F'[862] R[967] U[1386] R[2151] U'[2522] B[2635] U[2852] D'[4447] F[5067] D'[5164] F'[5301] D'[5478] R[5833] D'[5938] R'[6082] D'[7033] L'[7331] L'[7428] F[7509] L[7613] F'[7686] L[7750] D'[8314] L[8612] D'[8685] L'[8798] D[8862] D[8975] F'[9346] D'[9442] F[9507] F[10150] F'[10843] D[10988] D'[11238] F'[11447] D'[11584] F[11673] D'[11890] D'[12044] R[12334] F'[12503] R'[12615] F[12680] L[14219] D'[14283] L'[14412] D[14468] F'[14855] D'[14992] D'[15379] F[15525] D'[15669] D'[15790] F'[15959] D[16000] F[16072] D[17152] D'[17635] F'[17974] R[18087] F[18191] R'[18239] F'[18497] R[18626] F[18763] R'[18804] F[18948] D[19102] F'[19182] D'[19279] F[19376] D[19464] F'[19932] D[20457] D[20674] F[20835] D'[20924] D'[21029] F'[21182] D'[21335] F[21512] D'[21577] F'[21681] D'[22584] D'[22713] F'[22834] D'[23059] R'[23245] F[23381] D[23470] F'[23591] D'[23680] F'[23744] R[23792] F[23897] F[23961] D'[24018] F'[24123] D'[24252] F[24332] D[24485] F'[25017] D[25146] F[25291] D'[25404] D'[25580],,,gan12,custom_rules,U2 B' D' L' U' F R' B D2 B R2 D' R2 U B2 D2 B2 U R2 B2 U' F2,random_state,custom_rules,,,,8,DB,0,0,25580,99,99,110,3.87,9017,16563,"",0,Cross,z2 R F' U' F' L D L D' B D,z2[0] R[0] F'[491] U'[661] F'[862] L[967] D[1386] L[2151] D'[2522] B[2635] D[2852],false,true,2852,0,2852,2852,10,10,10,3.51,F2L Slot 1,U' F U' F' U' L U' L',U'[4447] F[5067] U'[5164] F'[5301] U'[5478] L[5833] U'[5938] L'[6082],false,true,3230,2215,1015,6082,8,8,8,7.88,F2L Slot 2,U' R2' F R F' R,U'[7033] R2'[7428] F[7509] R[7613] F'[7686] R[7750],false,true,1668,1346,322,7750,6,6,7,18.63,F2L Slot 3,U' R U' R' U2 F' U' F2 F' U U' F' U' F U2' L F' L' F,U'[8314] R[8612] U'[8685] R'[8798] U2[8975] F'[9346] U'[9442] F2[10150] F'[10843] U[10988] U'[11238] F'[11447] U'[11584] F[11673] U2'[12044] L[12334] F'[12503] L'[12615] F[12680],false,true,4930,862,4068,12680,19,19,22,4.67,F2L Slot 4,R U' R' U F' U2' F U2' F' U F,R[14219] U'[14283] R'[14412] U[14468] F'[14855] U2'[15379] F[15525] U2'[15790] F'[15959] U[16000] F[16072],false,true,3392,1539,1853,16072,11,11,13,5.94,OLL,U U' F' L F L' F' L F L' F U F' U' F U F' U2 F U2' F' U' F U' F',U[17152] U'[17635] F'[17974] L[18087] F[18191] L'[18239] F'[18497] L[18626] F[18763] L'[18804] F[18948] U[19102] F'[19182] U'[19279] F[19376] U[19464] F'[19932] U2[20674] F[20835] U2'[21029] F'[21182] U'[21335] F[21512] U'[21577] F'[21681],false,true,5609,1902,3707,21681,25,25,27,6.74,PLL,U2' F' U' L' F U F' U' F' L F2 U' F' U' F U F' U F U2',U2'[22713] F'[22834] U'[23059] L'[23245] F[23381] U[23470] F'[23591] U'[23680] F'[23744] L[23792] F2[23961] U'[24018] F'[24123] U'[24252] F[24332] U[24485] F'[25017] U[25146] F[25291] U2'[25580],false,true,3899,1153,2746,25580,20,20,23,7.28,,,,,,,,,,,,,,,,,,,,,,,,,,
6f93e37e-ff47-4151-a5f0-6f516fa22890,2025-04-02 18:56:50 UTC,false,21429,CFOP,Gan12uiM,Gan 12 UI Maglev,Gan 356i,RandomForest,false,false,5468,21429,,L[0] F[250] L[564] L[653] D[1426] B[1628] B[1741] U'[2345] D'[2724] D'[2845] B[3111] D'[3255] B'[3384] B'[3626] D'[3731] B[3812] B[5728] D[6010] B'[6220] L'[7469] D'[8275] L[8605] D'[8887] B[9048] D[9233] B'[9467] D'[10216] L[10676] D'[10751] L'[10872] D[10936] D[11049] R'[11299] D'[12258] R[12548] D[12910] F'[13241] D[13660] F[13829] D'[14216] F'[14756] D'[14908] F[15013] D'[15497] D'[15722] F[16299] B'[16331] L[16484] F[16581] L[16694] F'[16823] L'[16871] F'[17153] B[17154] F'[17459] R[17532] F[17612] R'[17693] D[18177] F'[18902] D'[18999] R'[19498] F[19772] D[19861] F'[19965] D'[20038] F'[20127] R[20191] F[20288] F[20344] D'[20384] F'[20465] D'[20602] F[20683] F'[20803] F[20997] D[21158] F'[21255] D[21325] F[21429],,,gan12,custom_rules,R B2 U F U2 R U2 L2 F' U2 L U2 D R2 D F2 D R2 U B2 R2 U2,random_state,custom_rules,,,,8,DB,0,0,21429,71,73,80,3.31,7111,14318,"",0,Cross,z2 R F R2 U B2 D',z2[0] R[0] F[250] R2[653] U[1426] B2[1741] D'[2345],false,true,2345,0,2345,2345,6,6,8,2.56,F2L Slot 1,U2' B U' B2' U' B,U2'[2845] B[3111] U'[3255] B2'[3626] U'[3731] B[3812],false,true,1467,766,701,3812,6,6,8,8.56,F2L Slot 2,B U B' R' U' R U' B U B',B[5728] U[6010] B'[6220] R'[7469] U'[8275] R[8605] U'[8887] B[9048] U[9233] B'[9467],false,true,5655,1916,3739,9467,10,10,10,2.67,F2L Slot 3,U' R U' R' U2 L' U' L,U'[10216] R[10676] U'[10751] R'[10872] U2[11049] L'[11299] U'[12258] L[12548],false,true,3081,1209,1872,12548,8,8,9,4.27,F2L Slot 4,U F' U F U' F' U' F,U[12910] F'[13241] U[13660] F[13829] U'[14216] F'[14756] U'[14908] F[15013],false,true,2465,693,1772,15013,8,8,8,4.51,OLL,U2' S' U F U F' U' S F' L F L',U2'[15722] S'[16331] U[16484] F[16581] U[16694] F'[16823] U'[16871] S[17154] F'[17459] L[17532] F[17612] L'[17693],false,true,2680,1318,1362,17693,12,14,15,8.81,PLL,U F' U' L' F U F' U' F' L F2 U' F' U' F F' F U F' U F,U[18177] F'[18902] U'[18999] L'[19498] F[19772] U[19861] F'[19965] U'[20038] F'[20127] L[20191] F2[20344] U'[20384] F'[20465] U'[20602] F[20683] F'[20803] F[20997] U[21158] F'[21255] U[21325] F[21429],false,true,3736,1209,2527,21429,21,21,22,8.31,,,,,,,,,,,,,,,,,,,,,,,,,,
cb9bfb13-6b98-4b4d-bf61-ebfb9b0c7420,2025-04-02 18:57:25 UTC,false,18789,CFOP,Gan12uiM,Gan 12 UI Maglev,Gan 356i,RandomForest,false,false,6836,18789,,D[0] D[89] B[363] B[459] D'[709] R[959] R[1032] B[3272] D'[3353] B'[3449] D'[3900] B[4207] D'[4295] D'[4384] B'[4521] D'[4682] L[5208] D'[5305] L'[5498] D'[6731] L'[6884] D[6949] L[7062] D[7464] D[7561] R[7706] D'[7819] R'[7932] D'[8560] D'[9164] D'[9463] R'[9648] D'[10241] R[10418] D'[10603] F[10893] D[11095] F'[11199] D[11667] D[12231] L'[12513] D[12601] L[12739] D[12908] D[13109] B[13480] D[13601] B'[13697] R[14543] D'[14688] L'[14793] D[14930] F[14995] D[15091] F'[15148] D'[15235] R'[15381] L[15389] B'[16662] B'[16984] U[17097] B[17177] U'[17226] B[17330] L'[17500] L'[17604] F'[18144] D[18289] F[18402] L'[18458] L'[18547] D[18789],,,gan12,custom_rules,U2 F' L2 U F D' L2 F' U' L' B2 R2 U L2 U2 L2 B2 R2 U L2 U R2,random_state,custom_rules,,,,8,DB,0,0,18789,59,60,72,3.14,9097,9603,"",0,Cross,z2 U2 B2 U' L2,z2[44] U2[89] B2[459] U'[709] L2[1032],false,true,943,0,943,1032,4,4,7,4.24,F2L Slot 1,B U' B' U' B U2' B' U' R U' R',B[3272] U'[3353] B'[3449] U'[3900] B[4207] U2'[4384] B'[4521] U'[4682] R[5208] U'[5305] R'[5498],false,true,4466,2240,2226,5498,11,11,12,4.94,F2L Slot 2,U' R' U R U2 L U' L',U'[6731] R'[6884] U[6949] R[7062] U2[7561] L[7706] U'[7819] L'[7932],false,true,2434,1386,1048,7932,8,8,9,7.63,F2L Slot 3,U3' L' U' L U' F U F',U3'[9463] L'[9648] U'[10241] L[10418] U'[10603] F[10893] U[11095] F'[11199],false,true,3267,1716,1551,11199,8,8,10,5.16,F2L Slot 4,U2 R' U R U2 B U B',U2[12231] R'[12513] U[12601] R[12739] U2[13109] B[13480] U[13601] B'[13697],false,true,2498,1314,1184,13697,8,8,10,6.76,OLL,L U' R' U F U F' U' M x,L[14543] U'[14688] R'[14793] U[14930] F[14995] U[15091] F'[15148] U'[15235] M[15389] x[16025],false,true,1692,846,846,15389,9,10,10,10.64,PLL,B2' D B D' B R2' F' U F R2' U,B2'[16984] D[17097] B[17177] D'[17226] B[17330] R2'[17604] F'[18144] U[18289] F[18402] R2'[18547] U[18789],false,true,3400,1595,1805,18789,11,11,14,6.09,,,,,,,,,,,,,,,,,,,,,,,,,,
7c83f38b-f60d-4006-a289-36afbeabf842,2025-04-02 18:58:13 UTC,false,26287,CFOP,Gan12uiM,Gan 12 UI Maglev,Gan 356i,RandomForest,false,false,6030,26287,,U[0] U[65] R[290] F'[580] U[1063] R[1458] U'[1740] D'[2151] R[2312] D'[2457] R'[2594] D'[2941] B[3545] D'[3650] B'[3892] B[4197] D[4576] D'[4826] B'[5071] D[5256] B'[5514] D[5724] B[5828] D'[5925] D'[6118] B'[6263] D[6344] B[6497] D'[7996] D'[8294] D[8745] F[8842] D'[8914] F'[9091] F[9268] D[9502] F'[9607] D'[9752] F'[9905] R[10018] F[10115] R'[10203] F[10276] D'[10461] F'[10582] D[10630] F[10743] D'[10848] F'[10961] D'[11686] L[11839] D'[11919] L'[12016] D[12105] L[12225] D'[12314] L'[12427] D[12459] L[12532] D'[12588] L'[12660] D'[13039] D'[13257] R[13958] F[14175] L'[14288] F[14360] L[14449] F'[14522] F'[14940] F[15279] L'[15440] L'[15585] F'[15803] F'[16028] F'[16665] R[17293] R'[17374] F'[17575] R[17938] L[18590] R'[18703] L[19726] F'[19815] R'[19976] D[21124] D[21366] L'[21616] F'[21704] R[21962] F'[22268] R'[22469] F[22558] F[22687] L[22872] D'[23880] F[24113] L[24427] D'[24516] L'[24702] D'[24927] L[25136] D[25209] L'[25322] F'[25435] L[25547] D[25628] L'[25708] D'[25781] L'[25926] F[25982] L[26071] F'[26127] D[26287],,,gan12,custom_rules,U2 L2 F' U' R' B' L' U2 D' B D2 B2 U R2 F2 L2 B2 L2 F2 D F2 U,random_state,custom_rules,,,,8,DB,0,0,26287,103,104,114,3.92,6639,19583,"",0,Cross,z2 D2 L F' D L D',z2[32] D2[65] L[290] F'[580] D[1063] L[1458] D'[1740],false,true,1675,0,1675,1740,6,6,7,3.58,F2L Slot 1,U' L U' L' U' B U' B',U'[2151] L[2312] U'[2457] L'[2594] U'[2941] B[3545] U'[3650] B'[3892],false,true,2152,572,1580,3892,8,8,8,5.06,F2L Slot 2,B U U' B' U B' U B U2' B' U B,B[4197] U[4576] U'[4826] B'[5071] U[5256] B'[5514] U[5724] B[5828] U2'[6118] B'[6263] U[6344] B[6497],false,true,2605,305,2300,6497,12,12,13,5.22,F2L Slot 3,U2' U F U' F' F U F' U' F' L F L' F U' F' U F U' F',U2'[8294] U[8745] F[8842] U'[8914] F'[9091] F[9268] U[9502] F'[9607] U'[9752] F'[9905] L[10018] F[10115] L'[10203] F[10276] U'[10461] F'[10582] U[10630] F[10743] U'[10848] F'[10961],false,true,4464,2345,2119,10961,20,20,21,9.44,F2L Slot 4,U' R U' R' U R U' R' U R U' R',U'[11686] R[11839] U'[11919] R'[12016] U[12105] R[12225] U'[12314] R'[12427] U[12459] R[12532] U'[12588] R'[12660],false,true,1699,878,821,12660,12,12,12,14.62,OLL,U2' L F R' F R F2' F R2' F3' L L' F' L M R D' L' F2 R' D' L D' L' D2 R x,U2'[13257] L[13958] F[14175] R'[14288] F[14360] R[14449] F2'[14940] F[15279] R2'[15585] F3'[16665] L[17293] L'[17374] F'[17575] L[17938] M[18703] R[19726] D'[19815] L'[19976] F2[21366] R'[21616] D'[21704] L[21962] D'[22268] L'[22469] D2[22687] R[22872] x[23376],false,true,10212,1298,8914,22872,26,27,34,2.92,PLL,U' F R U' R' U' R U R' F' R U R' U' R' F R F' U,U'[23880] F[24113] R[24427] U'[24516] R'[24702] U'[24927] R[25136] U[25209] R'[25322] F'[25435] R[25547] U[25628] R'[25708] U'[25781] R'[25926] F[25982] R[26071] F'[26127] U[26287],false,true,3415,1241,2174,26287,19,19,19,8.74,,,,,,,,,,,,,,,,,,,,,,,,,,
0a76ccdf-fdef-4d82-a43c-48bba2c80653,2025-04-02 18:58:50 UTC,false,21116,CFOP,Gan12uiM,Gan 12 UI Maglev,Gan 356i,RandomForest,false,false,4541,21116,,U'[0] R'[161] F'[395] B[556] L[999] B'[2272] B'[2345] L[2393] B[2489] L'[2554] B[2618] D[3746] D[4391] D'[5330] L[5733] D'[5814] L'[5935] D[5999] D[6096] R'[6321] D'[6402] R[6603] D'[7119] L[7377] D'[7473] D'[7546] L'[7715] D[7788] D[7892] L[7973] D'[8037] L'[8158] D'[8851] D'[9979] D[10474] D'[10570] B'[10772] L[10836] B[10941] L'[10989] B[11094] D'[11239] B'[11352] D[11392] B[11481] D'[11529] B'[11610] D[12448] B'[13084] L[13165] D[13414] B[13656] D'[13833] B'[13978] B'[14091] L'[14574] B[14719] B[14784] D[14848] B'[14961] D'[15066] B[15147] D'[16146] D'[17805] B[18265] D[18393] B'[18490] D'[18667] U[18691] B[18877] B[18982] D'[19070] B[19215] D'[19320] B'[19433] D[19481] B'[19610] D[19739] B[19924] B[20013] U'[20827] D'[21116],,,gan12,custom_rules,U R U' B U2 D F2 B R L B' D R2 D2 F2 B2 D B2 L2 D2 R2 U,random_state,custom_rules,,,,8,DB,0,0,21116,71,73,82,3.36,12441,8675,"",0,Cross,z R' D' S R,z[0] R'[0] D'[161] S[556] R[999],false,true,999,0,999,999,4,5,5,4.0,F2L Slot 1,B2' R B R' B,B2'[2345] R[2393] B[2489] R'[2554] B[2618],false,true,1619,1346,273,2618,5,5,6,18.32,F2L Slot 2,U2 U' R U' R' U2 L' U' L,U2[4391] U'[5330] R[5733] U'[5814] R'[5935] U2[6096] L'[6321] U'[6402] L[6603],false,true,3985,3115,870,6603,9,9,11,10.34,F2L Slot 3,U' R U2' R' U2 R U' R',U'[7119] R[7377] U2'[7546] R'[7715] U2[7892] R[7973] U'[8037] R'[8158],false,true,1555,774,781,8158,8,8,10,10.24,F2L Slot 4,U' U' U U' B' R B R' B U' B' U B U' B',U'[8851] U'[9979] U[10474] U'[10570] B'[10772] R[10836] B[10941] R'[10989] B[11094] U'[11239] B'[11352] U[11392] B[11481] U'[11529] B'[11610],false,true,3452,2614,838,11610,15,15,15,17.9,OLL,U B' R U B U' B2' R' B2 U B' U' B,U[12448] B'[13084] R[13165] U[13414] B[13656] U'[13833] B2'[14091] R'[14574] B2[14784] U[14848] B'[14961] U'[15066] B[15147],false,true,3537,1474,2063,15147,13,13,15,6.3,PLL,U' U' B U B' E' R2 U' R U' R' U R' U R2 D' U',U'[16146] U'[17805] B[18265] U[18393] B'[18490] E'[18691] R2[18982] U'[19070] R[19215] U'[19320] R'[19433] U[19481] R'[19610] U[19739] R2[20013] D'[20827] U'[21116],false,true,5969,3118,2851,21116,17,18,20,5.96,,,,,,,,,,,,,,,,,,,,,,,,,,
fdf3c49d-8277-4b1c-ab3e-97d4a36b66c9,2025-04-02 19:14:16 UTC,false,19803,CFOP,Gan12uiM,Gan 12 UI Maglev,Gan 356i,RandomForest,false,false,12891,19803,,U[0] B'[170] L[379] L[484] F[943] U'[1692] B'[2474] B[3038] D'[3457] F'[3884] D[3997] F[4126] D'[4319] L[4536] D[4674] L'[4786] D[5058] L'[5300] D[5437] L[5541] R'[5767] D[5920] R[6202] D'[6879] R[8176] D'[8265] R'[8369] D'[8571] L'[8853] D'[9022] L[9199] D'[10282] D'[10628] B[10974] R'[11103] B'[11305] R[11345] D[11828] D[12054] L[13819] L'[14262] L[14761] B'[14882] L'[15003] L'[15172] F[15903] L[16081] L[16153] B[16306] L'[16427] L'[16491] F'[16620] L[16701] R'[18272] R'[18337] F[18425] F[18683] R[18812] B[18909] R'[18989] F[19061] F[19319] R[19505] B'[19690] R[19803],,,gan12,custom_rules,U' L U' L' U L' B2 R2 F D' R2 U L2 U F2 R2 U L2 D' F2 L2 D,random_state,custom_rules,,,,8,DB,0,0,19803,55,56,65,2.78,9155,10648,"",0,Cross,z2 D B' R2 F D',z2[0] D[0] B'[170] R2[484] F[943] D'[1692],false,true,1692,0,1692,1692,5,5,6,2.96,F2L Slot 1,B' B U' F' U F U' R U R',B'[2474] B[3038] U'[3457] F'[3884] U[3997] F[4126] U'[4319] R[4536] U[4674] R'[4786],false,true,3094,782,2312,4786,10,10,10,4.33,F2L Slot 2,U R' U M F L x,U[5058] R'[5300] U[5437] M[5767] F[5920] L[6202] x[6540],false,true,1416,514,902,6202,6,7,7,6.65,F2L Slot 3,U' L U' L' U' R' U' R,U'[6879] L[8176] U'[8265] L'[8369] U'[8571] R'[8853] U'[9022] R[9199],false,true,2997,1974,1023,9199,8,8,8,7.82,F2L Slot 4,U2' B L' B' L,U2'[10628] B[10974] L'[11103] B'[11305] L[11345],false,true,2146,1775,371,11345,5,5,6,13.48,OLL,U2 R R' R B' R2' F R2 B R2' F' R,U2[12054] R[13819] R'[14262] R[14761] B'[14882] R2'[15172] F[15903] R2[16153] B[16306] R2'[16491] F'[16620] R[16701],false,true,5356,2474,2882,16701,12,12,16,4.16,PLL,L2' F2 L B L' F2 L B' L,L2'[18337] F2[18683] L[18812] B[18909] L'[18989] F2[19319] L[19505] B'[19690] L[19803],false,true,3102,1636,1466,19803,9,9,12,6.14,,,,,,,,,,,,,,,,,,,,,,,,,,
a95c43a9-4490-410c-8398-429ebd2f4488,2025-04-02 19:14:58 UTC,false,22574,CFOP,Gan12uiM,Gan 12 UI Maglev,Gan 356i,RandomForest,false,false,6248,22574,,R[0] B[226] U'[822] D[1330] B[1676] D'[1765] B'[1886] D[2224] D[2739] D[3900] L[4117] B'[4198] L'[4359] D'[5011] F[5430] F[5503] D[5769] B'[5962] D[6058] D[6196] B[6365] D'[6486] R[6816] D[6953] R'[7026] D[7557] R'[8194] D[8274] D[8395] R[8508] D[8677] D'[9717] D[9902] D[10062] R'[10384] D[10457] R[10626] D'[11601] D'[11818] L'[12149] D'[12253] D'[12648] L[12785] L[12946] D[13188] L'[13301] L'[13405] D[13510] L[13663] D[14372] D'[14993] D[15331] D[16354] R'[16974] B[17522] R[17748] R[17925] F'[17998] R'[18159] R'[18232] B'[18368] R[18457] R[18538] F[18675] R'[18747] D[19851] L[20334] L[20455] D[20616] L'[20729] L'[20834] L[21027] D[21148] L'[21204] D'[21325] L[21438] D'[21551] L[21664] L[21736] U[21849] D'[21850] L'[21850] D[22090] L[22139] U'[22284] D[22445] D[22574],,,gan12,custom_rules,B2 U' F2 L' F B' U2 L B L2 U' F2 R2 U' L2 D R2 D' L2 D2 B2 D',random_state,custom_rules,,,,8,DB,0,0,22574,70,72,87,3.1,8169,14405,"",1,Cross,z2 L B D' U B U' B' U2 U R B' R' U' F2,z2[0] L[0] B[226] D'[822] U[1330] B[1676] U'[1765] B'[1886] U2[2739] U[3900] R[4117] B'[4198] R'[4359] U'[5011] F2[5503],false,true,5503,0,5503,5503,14,14,16,2.54,F2L Slot 1,,"",true,false,0,0,0,5503,0,0,0,0,F2L Slot 2,U B' U2 B U' L U L',U[5769] B'[5962] U2[6196] B[6365] U'[6486] L[6816] U[6953] L'[7026],false,true,1523,459,1064,7026,8,8,9,7.52,F2L Slot 3,U L' U2 L U U' U2 L' U L,U[7557] L'[8194] U2[8395] L[8508] U[8677] U'[9717] U2[10062] L'[10384] U[10457] L[10626],false,true,3600,1168,2432,10626,10,10,12,4.11,F2L Slot 4,U2' R' U2' R2 U R2' U R,U2'[11818] R'[12149] U2'[12648] R2[12946] U[13188] R2'[13405] U[13510] R[13663],false,true,3037,1523,1514,13663,8,8,12,5.28,OLL,U U' U U L' B L2 F' L2' B' L2 F L',U[14372] U'[14993] U[15331] U[16354] L'[16974] B[17522] L2[17925] F'[17998] L2'[18232] B'[18368] L2[18538] F[18675] L'[18747],false,true,5084,3311,1773,18747,13,13,16,7.33,PLL,U R2 U R2' R U R' U' R U' R2 E' F' U F E U,U[19851] R2[20455] U[20616] R2'[20834] R[21027] U[21148] R'[21204] U'[21325] R[21438] U'[21551] R2[21736] E'[21850] F'[21850] U[22090] F[22139] E[22445] U[22574],false,true,3827,1708,2119,22574,17,19,22,8.02,,,,,,,,,,,,,,,,,,,,,,,,,,
1b74082c-e772-4f54-97e5-596eac2c9a36,2025-04-02 19:15:39 UTC,false,26575,CFOP,Gan12uiM,Gan 12 UI Maglev,Gan 356i,RandomForest,false,false,4106,26575,,L[0] F'[548] R[725] D[999] B'[1248] B'[1378] B[1587] B'[1934] U[2393] U[2481] D[2876] F[3077] D'[3174] F'[3303] D'[3497] D'[3754] R[4061] D[4181] R'[4552] D[4930] D'[6100] D[6559] F[6978] D[7107] F'[7260] F'[7333] D'[7437] F[7510] D'[9443] R'[10048] B[10161] B[10273] R[10419] B[11298] B'[11548] D[12635] D[12724] F[12966] D[13409] F'[13562] D'[14005] L'[14174] D'[14319] L[14400] D'[15205] D'[15955] D'[16343] F'[16488] R[16560] F[16681] R'[16721] D[16947] D[17051] F[17285] D[17406] F'[17479] D'[18026] D[18300] D[18437] R[18784] R'[19009] D[19291] D[19396] R[19622] F'[19767] R'[19896] F[19992] D[20162] F[20266] F'[20460] F[20581] D'[20895] F'[21169] D[22361] F[22651] D[22764] F'[22925] D'[22997] F'[23094] R[23175] F[23279] R'[23344] L[24721] L[24794] D[24955] L'[25084] D[25125] L'[25221] D'[25310] L[25439] D'[25559] L[25664] L[25737] U[25801] D'[25946] L'[26277] D[26325] L[26422] U'[26575],,,gan12,custom_rules,U2 B2 D' R L' B U B R2 F2 U2 L2 B2 U F2 U' F2 L2 D' L2 B2,random_state,custom_rules,,,,8,DB,0,0,26575,86,87,99,3.24,5722,20853,"",2,Cross,z2 R F' L U B2' B B' D2 U F U' F' U2' L U L' U U' U F U F2' U' F U' L' B2 L,z2[0] R[0] F'[548] L[725] U[999] B2'[1378] B[1587] B'[1934] D2[2481] U[2876] F[3077] U'[3174] F'[3303] U2'[3754] L[4061] U[4181] L'[4552] U[4930] U'[6100] U[6559] F[6978] U[7107] F2'[7333] U'[7437] F[7510] U'[9443] L'[10048] B2[10273] L[10419],false,true,10419,0,10419,10419,28,28,33,2.69,F2L Slot 1,,"",true,false,0,0,0,10419,0,0,0,0,F2L Slot 2,,"",true,false,0,0,0,10419,0,0,0,0,F2L Slot 3,B B' U2 F U F' U' R' U' R,B[11298] B'[11548] U2[12724] F[12966] U[13409] F'[13562] U'[14005] R'[14174] U'[14319] R[14400],false,true,3981,879,3102,14400,10,10,11,3.22,F2L Slot 4,U' U2' F' L F L' U2 F U F',U'[15205] U2'[16343] F'[16488] L[16560] F[16681] L'[16721] U2[17051] F[17285] U[17406] F'[17479],false,true,3079,2088,991,17479,10,10,12,10.09,OLL,U' U2 L L' U2 L F' L' F U F F' F U' F' U F U F' U' F' L F L',U'[18026] U2[18437] L[18784] L'[19009] U2[19396] L[19622] F'[19767] L'[19896] F[19992] U[20162] F[20266] F'[20460] F[20581] U'[20895] F'[21169] U[22361] F[22651] U[22764] F'[22925] U'[22997] F'[23094] L[23175] F[23279] L'[23344],false,true,5865,1305,4560,23344,24,24,26,5.26,PLL,R2 U R' U R' U' R U' R2 E' F' U F D',R2[24794] U[24955] R'[25084] U[25125] R'[25221] U'[25310] R[25439] U'[25559] R2[25737] E'[25946] F'[26277] U[26325] F[26422] D'[26575],false,true,3231,1450,1781,26575,14,15,17,7.86,,,,,,,,,,,,,,,,,,,,,,,,,,
5fbb9400-27e9-4837-8624-73de4aa2c693,2025-04-04 08:16:02 UTC,false,16553,CFOP,Gan12uiM,Gan 12 UI Maglev,Gan 356i,RandomForest,false,false,6615,16553,,B[0] F'[371] D'[540] D'[637] R[831] L[1243] L[1364] D'[3818] R[3955] D'[4140] R'[4245] L[4520] D'[4657] L'[4819] D'[5215] D[5385] B'[5892] L[6038] B[6215] L'[6360] D'[7860] F[8214] D[8416] F'[8585] D[8698] D[8811] B'[9093] D'[9182] B[9391] F'[9940] D'[10012] D'[10109] F[10260] F[10357] D[10454] F'[10534] F'[10631] D[10703] F[10824] D[11357] D[11502] F[11606] D[11727] F'[11816] D'[11881] F'[12001] R[12050] F[12203] R'[12243] D[13517] D[13614] F[13888] D'[13968] F'[14114] D'[14226] F[14339] D[14396] F[14533] U[14581] F'[14670] D'[14799] F[14903] U'[15258] F'[16037] D[16102] D[16191] F'[16255] D'[16553],,,gan12,custom_rules,U' F' D' B' U D2 R' F L' F2 B U B2 D2 L2 U' R2 D' B2 D' R2 D,random_state,custom_rules,,,,8,DB,0,0,16553,58,59,68,3.5,8494,8059,"",0,Cross,z2 B F' U2' L R2,z2[0] B[0] F'[371] U2'[637] L[831] R2[1364],false,true,1364,0,1364,1364,5,5,7,3.67,F2L Slot 1,U' L U' M F' R' x,U'[3818] L[3955] U'[4140] M[4520] F'[4657] R'[4819] x[5017],false,true,3455,2591,864,4819,6,7,7,6.94,F2L Slot 2,U' U B' R B R',U'[5215] U[5385] B'[5892] R[6038] B[6215] R'[6360],false,true,1541,1073,468,6360,6,6,6,12.82,F2L Slot 3,U' F U F' U2 B' U' B,U'[7860] F[8214] U[8416] F'[8585] U2[8811] B'[9093] U'[9182] B[9391],false,true,3031,1854,1177,9391,8,8,9,6.8,F2L Slot 4,F' U2' F2 U F2' U F,F'[9940] U2'[10109] F2[10357] U[10454] F2'[10631] U[10703] F[10824],false,true,1433,549,884,10824,7,7,10,7.92,OLL,U2 F U F' U' F' L F L',U2[11502] F[11606] U[11727] F'[11816] U'[11881] F'[12001] L[12050] F[12203] L'[12243],false,true,1419,782,637,12243,9,9,10,14.13,PLL,U2 F U' F' U' F U F D F' U' F D' F' U2 F' U',U2[13614] F[13888] U'[13968] F'[14114] U'[14226] F[14339] U[14396] F[14533] D[14581] F'[14670] U'[14799] F[14903] D'[15258] F'[16037] U2[16191] F'[16255] U'[16553],false,true,4310,1645,2665,16553,17,17,19,6.38,,,,,,,,,,,,,,,,,,,,,,,,,,
fb98dfc5-14a9-47a2-ac2b-6695b16fe63c,2025-04-04 08:16:44 UTC,false,20919,CFOP,Gan12uiM,Gan 12 UI Maglev,Gan 356i,RandomForest,false,false,6789,20919,,L'[0] F[121] F[225] R[499] U[1080] U[1249] F[1620] L[2386] U'[2716] F[2845] U[3030] D'[5259] D'[5622] D[5888] L[5985] D'[6025] L'[6138] D[6210] L[6348] D'[6436] L'[6533] D[6573] L[6662] D'[6710] L'[6774] R[9096] D'[9257] R'[9354] D[9474] B'[9991] D'[10095] B[10184] D[11329] D[11579] F[11845] D'[12014] F'[12425] B'[12788] D'[12997] D'[13102] B[13207] B[13304] D[13424] B'[13497] B'[13594] D[13666] B[13771] D[15189] D'[15358] F[15487] D'[15640] F'[15729] D[15801] F[15906] D'[15987] F'[16043] D[16793] F'[16986] R'[17091] D'[17260] R[17389] D[17510] F[17687] F'[18985] B[18986] R[19138] B[19291] F'[19299] B[19412] F'[19420] L[19516] F'[19702] B[19703] B[19703] F'[19775] R[19879] F'[20065] B[20066] U[20066] U[20330] B[20467] F'[20475] B[20548] F'[20556] D[20806] D[20919],,,gan12,custom_rules,R D F' R' L2 F' D2 R F' B2 U' F2 R2 U L2 U2 L2 D' L2 D' B2 U,random_state,custom_rules,,,,8,DB,0,0,20919,66,71,86,3.16,10896,10023,"",0,Cross,z2 R' F2 L D2 F R D' F D,z2[0] R'[0] F2[225] L[499] D2[1249] F[1620] R[2386] D'[2716] F[2845] D[3030],false,true,3030,0,3030,3030,9,9,11,2.97,F2L Slot 1,U2' U R U' R' U R U' R' U R U' R',U2'[5622] U[5888] R[5985] U'[6025] R'[6138] U[6210] R[6348] U'[6436] R'[6533] U[6573] R[6662] U'[6710] R'[6774],false,true,3744,2955,789,6774,13,13,14,16.48,F2L Slot 2,L U' L' U B' U' B,L[9096] U'[9257] L'[9354] U[9474] B'[9991] U'[10095] B[10184],false,true,3410,2322,1088,10184,7,7,7,6.43,F2L Slot 3,U2 F U' F' B' U2' B2 U B2' U B,U2[11579] F[11845] U'[12014] F'[12425] B'[12788] U2'[13102] B2[13304] U[13424] B2'[13594] U[13666] B[13771],false,true,3587,1661,1926,13771,11,11,15,5.71,F2L Slot 4,U U' F U' F' U F U' F',U[15189] U'[15358] F[15487] U'[15640] F'[15729] U[15801] F[15906] U'[15987] F'[16043],false,true,2272,1716,556,16043,9,9,9,16.19,OLL,U F' L' U' L U F,U[16793] F'[16986] L'[17091] U'[17260] L[17389] U[17510] F[17687],false,true,1644,943,701,17687,7,7,7,9.99,PLL,S U S2 U S2 U S U2 S2 U2,S[18986] U[19138] S2[19420] U[19516] S2[19775] U[19879] S[20066] U2[20330] S2[20556] U2[20919],false,true,3232,1299,1933,20919,10,15,23,5.17,,,,,,,,,,,,,,,,,,,,,,,,,,
0f4b449d-7518-4280-b6d4-679b5018434c,2025-04-04 08:17:21 UTC,false,18758,CFOP,Gan12uiM,Gan 12 UI Maglev,Gan 356i,RandomForest,false,false,7342,18758,,B[0] F'[209] R[314] U'[991] F'[1652] F'[1741] R[1878] D[2893] D[2990] B'[3256] D'[3353] B[3490] D'[3909] D'[4038] B'[4207] D[4272] B[4408] D'[5285] F'[5576] D'[5672] D'[5753] F[5938] D'[6035] F'[6180] D[6268] F[6373] D'[7727] L'[8299] D'[8420] L[8597] D'[8743] B[9040] D[9250] B'[9814] D'[10537] D'[10811] R[11399] F'[11512] R'[11875] F[12036] D[12544] D[13285] B'[13559] R'[13696] B[13817] D'[13922] B'[14043] B[14204] B'[14695] R[14760] B[14889] B[15010] R'[15090] B'[15227] D[15259] B[15396] R[15914] B'[16043] D[16969] B[17163] F'[17171] R[17340] B[17469] F'[17477] B[17598] F'[17606] L[17702] B[17880] F'[17888] B[17944] F'[17960] R[18057] B[18250] F'[18258] U[18420] U[18516] B[18653] F'[18661] B[18742] F'[18758],,,gan12,custom_rules,F D R' U2 F L U' R B' U' L2 B2 U2 L2 U' F2 D' B2 D R2 D2,random_state,custom_rules,,,,8,DB,0,0,18758,60,66,80,3.2,8708,9841,"",0,Cross,z S L D' F2' L,z[104] S[209] L[314] D'[991] F2'[1741] L[1878],false,true,1669,0,1669,1878,5,6,7,3.0,F2L Slot 1,U2 B' U' B U2' B' U B,U2[2990] B'[3256] U'[3353] B[3490] U2'[4038] B'[4207] U[4272] B[4408],false,true,2530,1378,1152,4408,8,8,10,6.94,F2L Slot 2,U' F' U2' F U' F' U F,U'[5285] F'[5576] U2'[5753] F[5938] U'[6035] F'[6180] U[6268] F[6373],false,true,1965,1168,797,6373,8,8,9,10.04,F2L Slot 3,U' R' U' R U' B U B',U'[7727] R'[8299] U'[8420] R[8597] U'[8743] B[9040] U[9250] B'[9814],false,true,3441,1926,1515,9814,8,8,8,5.28,F2L Slot 4,U2' L F' L' F,U2'[10811] L[11399] F'[11512] L'[11875] F[12036],false,true,2222,1585,637,12036,5,5,6,7.85,OLL,U2 B' L' B U' B' B B' L B2 L' B' U B L B',U2[13285] B'[13559] L'[13696] B[13817] U'[13922] B'[14043] B[14204] B'[14695] L[14760] B2[15010] L'[15090] B'[15227] U[15259] B[15396] L[15914] B'[16043],false,true,4007,1523,2484,16043,16,16,18,6.44,PLL,U S U S2 U S2 U S U2 S2,U[16969] S[17171] U[17340] S2[17606] U[17702] S2[17960] U[18057] S[18258] U2[18516] S2[18758],false,true,2715,1128,1587,18758,10,15,22,6.3,,,,,,,,,,,,,,,,,,,,,,,,,,
efc913cf-4f73-4dde-a805-253e8a30324d,2025-04-04 08:18:09 UTC,false,20929,CFOP,Gan12uiM,Gan 12 UI Maglev,Gan 356i,RandomForest,false,false,7667,20929,,U'[0] L[170] F[387] U'[1330] L'[2700] B'[2982] L[3135] L[3240] L[4690] D[4819] L'[4932] L'[5033] D'[5146] L[5315] D'[6105] F[6524] D'[6604] F'[6725] D[6854] D[6951] F[7055] D'[7120] F'[7249] D[7644] D[8055] B'[8216] B[8562] D[8788] R'[9207] B[9376] R[9755] B'[9803] D[10721] R[11519] D[11656] R'[11801] D[11922] D[12035] R[12164] D'[12389] R'[12567] L[13614] D'[13694] D'[13807] L'[13936] D'[14105] L[14226] D[14299] L'[14363] D[15161] L[15314] D'[15403] D[15811] L'[16157] D'[16359] L[17011] D[17213] L'[17390] D[17640] L[17776] D'[17833] D'[17913] L'[18042] D[18977] R[19146] L'[19154] F[19299] R[19428] L'[19430] R[19430] L'[19431] B[19431] R[19431] L'[19432] R[19432] L'[19904] F[19906] R[19906] L'[20162] U[20330] U[20411] R[20572] L'[20580] R[20645] L'[20653] D[20840] D[20929],,,gan12,custom_rules,D F R2 U R D F U2 B D2 R2 U2 B2 D F2 L2 D B2 D L2 B2 U,random_state,custom_rules,,,,8,DB,0,0,20929,69,74,87,3.3,6736,14193,"",0,Cross,z2 D' R F D' R' B' R2,z2[0] D'[0] R[170] F[387] D'[1330] R'[2700] B'[2982] R2[3240],false,true,3240,0,3240,3240,7,7,8,2.16,F2L Slot 1,R U R2' U' R,R[4690] U[4819] R2'[5033] U'[5146] R[5315],false,true,2075,1450,625,5315,5,5,6,8.0,F2L Slot 2,U' F U' F' U2 F U' F',U'[6105] F[6524] U'[6604] F'[6725] U2[6951] F[7055] U'[7120] F'[7249],false,true,1934,1209,725,7249,8,8,9,11.03,F2L Slot 3,U2 B' B U L' B L B' U L U L' U2 L U' L',U2[8055] B'[8216] B[8562] U[8788] L'[9207] B[9376] L[9755] B'[9803] U[10721] L[11519] U[11656] L'[11801] U2[12035] L[12164] U'[12389] L'[12567],false,true,5318,967,4351,12567,16,16,18,3.68,F2L Slot 4,R U2' R' U' R U R',R[13614] U2'[13807] R'[13936] U'[14105] R[14226] U[14299] R'[14363],false,true,1796,1047,749,14363,7,7,8,9.35,OLL,U R U' U R' U' R U R' U R U2' R',U[15161] R[15314] U'[15403] U[15811] R'[16157] U'[16359] R[17011] U[17213] R'[17390] U[17640] R[17776] U2'[17913] R'[18042],false,true,3679,951,2728,18042,13,13,14,4.77,PLL,U M' U M2' U M' L R' F M' F2 M2' F2,U[18977] M'[19154] U[19299] M2'[19431] U[19431] M'[19432] L[19432] R'[19904] F[19906] M'[20162] F2[20411] M2'[20653] F2[20929],false,true,2887,1112,1775,20929,13,18,24,7.32,,,,,,,,,,,,,,,,,,,,,,,,,,
fa820809-6da3-46b9-85c7-18e53aaef8b4,2025-04-04 08:18:50 UTC,false,18399,CFOP,Gan12uiM,Gan 12 UI Maglev,Gan 356i,RandomForest,false,false,10378,18399,,U[0] B'[113] D[604] F'[1112] R[1168] D'[1676] F[1821] F[1901] D[2482] F[2659] D'[2739] F'[2836] D[2900] F[3046] D'[3158] F'[3360] D[3400] F[3513] D'[3577] F'[3658] R[4294] R'[4431] D'[4890] R[4971] D[5049] R'[5178] B[5468] D[5605] B'[5879] D[6870] B[6983] D'[7071] B'[7176] F'[7998] D[8119] F[8433] D[8747] D[9190] D'[9617] B'[9738] L[9810] B[9915] L'[9955] B[10053] D'[10238] B'[10359] D[10407] B[10488] D'[10536] B'[10609] R[11221] D'[11302] R'[11374] D[11906] L[12647] B[13517] R'[13622] B'[13727] L'[13880] B[13944] R[14089] R[14218] D[14307] R'[14419] D'[14508] B'[14839] F[16054] B'[16056] F[16056] B'[16184] U'[16489] B[16554] F'[16610] L[16771] L[16860] F[17045] B'[17061] U'[17166] F[18278] B'[18279] F[18279] B'[18399],,,gan12,custom_rules,D2 F B2 R F R2 L2 B U F' D' F2 U' R2 U L2 D2 B2 U' F2 B2 L2,random_state,custom_rules,,,,8,DB,0,0,18399,70,74,82,3.8,5929,12470,"",0,Cross,z2 D B' U F' L U' F2,z2[0] D[0] B'[113] U[604] F'[1112] L[1168] U'[1676] F2[1901],false,true,1901,0,1901,1901,7,7,8,3.68,F2L Slot 1,U F U' F' U F U' F' U F U' F',U[2482] F[2659] U'[2739] F'[2836] U[2900] F[3046] U'[3158] F'[3360] U[3400] F[3513] U'[3577] F'[3658],false,true,1757,758,999,3658,12,12,12,12.01,F2L Slot 2,L L' U' L U L' B U B' U B U' B' F' U F,L[4294] L'[4431] U'[4890] L[4971] U[5049] L'[5178] B[5468] U[5605] B'[5879] U[6870] B[6983] U'[7071] B'[7176] F'[7998] U[8119] F[8433],false,true,4775,636,4139,8433,16,16,16,3.87,F2L Slot 3,U2 U' B' R B R' B U' B' U B U' B',U2[9190] U'[9617] B'[9738] R[9810] B[9915] R'[9955] B[10053] U'[10238] B'[10359] U[10407] B[10488] U'[10536] B'[10609],false,true,2176,1305,871,10609,13,13,14,14.93,F2L Slot 4,L U' L',L[11221] U'[11302] L'[11374],false,true,765,612,153,11374,3,3,3,19.61,OLL,U R B L' B' R' B L2 U L' U' B',U[11906] R[12647] B[13517] L'[13622] B'[13727] R'[13880] B[13944] L2[14218] U[14307] L'[14419] U'[14508] B'[14839],false,true,3465,1273,2192,14839,12,12,13,5.47,PLL,S2' U' S U2 S' U' S2',S2'[16184] U'[16489] S[16610] U2[16860] S'[17061] U'[17166] S2'[18399],false,true,3560,1345,2215,18399,7,11,16,3.16,,,,,,,,,,,,,,,,,,,,,,,,,,
d778e63d-0943-48e2-b737-62b9c00094b3,2025-04-04 08:19:35 UTC,false,26451,CFOP,Gan12uiM,Gan 12 UI Maglev,Gan 356i,RandomForest,false,false,3826,26451,,R[0] B[234] D'[574] R[864] R[961] F[1614] F[2008] D[3402] D[3515] F[3684] D'[3813] F'[3894] D'[5143] D'[5263] D'[5738] R[5867] D[5947] R'[6069] R'[6149] B[6197] R[6302] B'[6366] R[6447] D'[6664] R'[6785] D[9243] L[9670] D[9976] L'[10089] D[10161] F'[10596] D'[10693] F[10813] D'[11885] D'[12183] B'[12336] L[12417] B[12554] L'[12610] B[12715] D'[12916] B'[12997] D[13432] B[15341] D[15462] B'[15623] B[15760] D'[15936] B'[16000] B[19956] D[20311] B'[20504] D'[21287] B'[21529] L[21650] B[21787] B[21891] D[22004] B'[22101] D'[22189] L'[22335] D[23398] B[23608] D'[23704] B'[23849] D'[23970] B[24107] D[24180] B[24985] U[25082] B'[25211] D'[25340] B[25493] U'[25581] B'[25799] D[25904] D[26001] B'[26105] D[26451],,,gan12,custom_rules,R2 U2 L D' R' U' D2 R B L U' D F2 B2 U' B2 R2 L2 U' R2 B2 R2,random_state,custom_rules,,,,8,DB,0,0,26451,70,70,79,2.65,11674,14777,"",0,Cross,z2 L B U' L2 F2,z2[0] L[0] B[234] U'[574] L2[961] F2[2008],false,true,2008,0,2008,2008,5,5,7,2.49,F2L Slot 1,U2 F U' F',U2[3515] F[3684] U'[3813] F'[3894],false,true,1886,1676,210,3894,4,4,5,19.05,F2L Slot 2,U3' L U L2' B L B' L U' L',U3'[5738] L[5867] U[5947] L2'[6149] B[6197] L[6302] B'[6366] L[6447] U'[6664] L'[6785],false,true,2891,1973,918,6785,10,10,13,10.89,F2L Slot 3,U R U R' U F' U' F,U[9243] R[9670] U[9976] R'[10089] U[10161] F'[10596] U'[10693] F[10813],false,true,4028,2885,1143,10813,8,8,8,7.0,F2L Slot 4,U2' B' R B R' B U' B',U2'[12183] B'[12336] R[12417] B[12554] R'[12610] B[12715] U'[12916] B'[12997],false,true,2184,1523,661,12997,8,8,9,12.1,OLL,U B U B' B U' B' B U B' U' B' R B2 U B' U' R',U[13432] B[15341] U[15462] B'[15623] B[15760] U'[15936] B'[16000] B[19956] U[20311] B'[20504] U'[21287] B'[21529] R[21650] B2[21891] U[22004] B'[22101] U'[22189] R'[22335],false,true,9338,2344,6994,22335,18,18,19,2.57,PLL,U B U' B' U' B U B D B' U' B D' B' U2 B' U,U[23398] B[23608] U'[23704] B'[23849] U'[23970] B[24107] U[24180] B[24985] D[25082] B'[25211] U'[25340] B[25493] D'[25581] B'[25799] U2[26001] B'[26105] U[26451],false,true,4116,1273,2843,26451,17,17,18,5.98,,,,,,,,,,,,,,,,,,,,,,,,,,
5c405080-418f-4015-b2ce-af10aa720c02,2025-04-04 08:20:26 UTC,false,12024,CFOP,Gan12uiM,Gan 12 UI Maglev,Gan 356i,RandomForest,false,false,3181,12024,,F'[0] D[144] B'[298] L[435] L[539] U[862] U[942] D[1442] F'[1731] D[1916] F[2069] B[2262] R[2383] F'[2520] R'[2682] F[2923] B'[2931] B'[4083] D'[4164] B[4237] D'[4889] D'[4994] L[5276] B'[5445] L'[5606] B[5985] D[6589] D'[6936] L'[7065] F[7138] L[7226] F'[7283] L[7364] D'[7525] L'[7597] D[8024] D[8258] R[8580] F'[8669] F'[8766] L'[8919] F'[9064] L[9233] F'[9273] R'[9426] L'[10055] L'[10312] U[10433] L[10514] U'[10554] L[10675] F'[10877] F'[10965] R'[11078] D[11126] R[11231] F'[11303] F'[11368] D[11561] D[12024],,,gan12,custom_rules,U R' U' F U D' B2 D2 L' F2 R U2 B2 R2 U D2 R2 F2 U F2 U2 L2,random_state,custom_rules,1,1,0,8,DB,0,0,12024,50,51,60,4.16,5929,6095,"",0,Cross,z2 F' U B' R2 D2,z2[0] F'[0] U[144] B'[298] R2[539] D2[942],false,true,942,0,942,942,5,5,7,5.31,F2L Slot 1,U F' U F B L F' L' S' z,U[1442] F'[1731] U[1916] F[2069] B[2262] L[2383] F'[2520] L'[2682] S'[2931] z[3507],false,true,1989,789,1200,2931,9,10,10,7.5,F2L Slot 2,B' U' B,B'[4083] U'[4164] B[4237],false,true,1306,1152,154,4237,3,3,3,19.48,F2L Slot 3,U2' R B' R' B,U2'[4994] R[5276] B'[5445] R'[5606] B[5985],false,true,1748,1039,709,5985,5,5,6,7.05,F2L Slot 4,U U' R' F R F' R U' R',U[6589] U'[6936] R'[7065] F[7138] R[7226] F'[7283] R[7364] U'[7525] R'[7597],false,true,1612,1080,532,7597,9,9,9,16.92,OLL,U2 L F2' R' F' R F' L',U2[8258] L[8580] F2'[8766] R'[8919] F'[9064] R[9233] F'[9273] L'[9426],false,true,1829,983,846,9426,8,8,10,9.46,PLL,R2' D R D' R F2' L' U L F2' U2,R2'[10312] D[10433] R[10514] D'[10554] R[10675] F2'[10965] L'[11078] U[11126] L[11231] F2'[11368] U2[12024],false,true,2598,886,1712,12024,11,11,15,6.43,,,,,,,,,,,,,,,,,,,,,,,,,,
22408bce-ff74-4a07-a505-e25a34880aaa,2025-04-04 08:24:45 UTC,false,20881,CFOP,Gan12uiM,Gan 12 UI Maglev,Gan 356i,RandomForest,false,false,5717,20881,,U[0] R'[129] F'[225] D[1015] B'[1128] L[1297] L[1410] D[2457] F'[2739] D[2820] D[2941] F[3086] D[3223] D[3335] B[3537] D[3706] B'[3843] D'[4713] D'[5108] D[6970] D[7083] R'[7332] D'[7437] R[7566] L[8057] L'[8283] D'[8404] D'[8508] R'[8734] D[8799] R[8944] L[10490] D'[10579] L'[10684] D'[11151] R[11417] D[11522] R'[11626] L[12875] D'[13149] L'[13310] D[13359] D[13455] D'[13850] L'[14027] F[14084] L[14172] F'[14688] D'[15139] D[16022] R'[16216] L[16473] L[16570] B[16659] L'[16780] B[16860] L[16989] B'[17061] B'[17174] L'[17521] B[17577] L'[17722] R[17730] D[18190] D[18584] R[18729] L'[18731] R[18731] L'[18899] U[19003] L[19132] R'[19221] F[19285] F[19318] R[19640] L'[19641] U[19641] R[20389] L'[20397] R[20518] L'[20526] D'[20881],,,gan12,custom_rules,U2 F2 D' B2 D R2 L' F2 D2 F' U2 F2 L2 U R2 D2 L2 F2 B2 U2 F2 U',random_state,custom_rules,,,,8,DB,0,0,20881,62,68,82,2.97,10567,10314,"",0,Cross,z2 D L' F' U B' R2,z2[0] D[0] L'[129] F'[225] U[1015] B'[1128] R2[1410],false,true,1410,0,1410,1410,6,6,7,4.26,F2L Slot 1,U F' U2 F U2 B U B',U[2457] F'[2739] U2[2941] F[3086] U2[3335] B[3537] U[3706] B'[3843],false,true,2433,1329,1104,3843,8,8,10,7.25,F2L Slot 2,U2' U2 L' U' L R R' U2' L' U L,U2'[5108] U2[7083] L'[7332] U'[7437] L[7566] R[8057] R'[8283] U2'[8508] L'[8734] U[8799] L[8944],false,true,5101,3489,1612,8944,11,11,14,6.82,F2L Slot 3,R U' R' U' L U L',R[10490] U'[10579] R'[10684] U'[11151] L[11417] U[11522] L'[11626],false,true,2682,1546,1136,11626,7,7,7,6.16,F2L Slot 4,R U' R' U2 U' R' F R F',R[12875] U'[13149] R'[13310] U2[13455] U'[13850] R'[14027] F[14084] R[14172] F'[14688],false,true,3062,1249,1813,14688,9,9,10,4.96,OLL,U' U M R U R' U R U2' R' U M',U'[15139] U[16022] M[16473] R[16570] U[16659] R'[16780] U[16860] R[16989] U2'[17174] R'[17521] U[17577] M'[17730],false,true,3042,1785,1257,17730,12,14,15,9.55,PLL,U2 M2' U M U2 M' U M2' U',U2[18584] M2'[18899] U[19003] M[19221] U2[19318] M'[19641] U[19641] M2'[20526] U'[20881],false,true,3151,1169,1982,20881,9,13,19,4.54,,,,,,,,,,,,,,,,,,,,,,,,,,
a7c29364-5ff5-4890-bd38-5d61d4d4dbab,2025-04-04 08:25:36 UTC,false,34173,CFOP,Gan12uiM,Gan 12 UI Maglev,Gan 356i,RandomForest,false,false,5558,34173,,B'[0] D[49] D[290] B'[459] L[653] L'[959] D'[1571] D[1966] D'[2288] B'[2466] L[2586] L'[2869] D[3473] L[3779] F'[4117] F'[4174] D'[4955] D'[5213] B[5527] D'[5616] D'[5745] B'[5962] F[6196] D'[6325] F'[6502] B[7332] D[7848] B'[8025] D[8146] L'[8637] D'[8750] L[8807] D[10071] L[10217] D'[10290] L'[10387] D[10507] L[10612] D'[10685] L'[10749] L[12610] B[12788] L'[12900] D'[15817] D[16075] L[16542] D[16647] L'[16776] D[16848] F'[17299] D'[17412] F[17581] D'[17952] D'[18750] B'[18887] L[18959] B[19064] L'[19129] B[19257] D'[19419] B'[19523] R[20962] R'[21293] D[21454] B'[22026] R[23629] L'[23646] L[24862] R'[24895] B[25394] R[25996] L'[26013] D'[26222] L[26569] L'[26818] F'[28051] D[28309] F[28486] L[28752] R'[28784] D[29388] D'[30049] B[30275] D[30589] B'[30750] D[30839] B'[30998] L[31087] B[31208] L'[31280] B[31417] D'[31554] D'[31635] B'[31715] B[32432] D[32634] B'[32714] L'[32867] B[32948] D[33037] B'[33157] D'[33230] B'[33310] L[33383] B[33480] B[33560] D'[33601] B'[33697] D[34004] D[34173],,,gan12,custom_rules,D F U' F2 B' R' F' R' U F U' B2 L2 D2 F2 U R2 B2 U F2 D2 L2,random_state,custom_rules,,,,8,DB,0,0,34173,98,103,110,2.87,6315,27858,"",0,Cross,z2 B' U2 B' R R' U' U U' B' R R' U R F2' U2' B,z2[0] B'[0] U2[290] B'[459] R[653] R'[959] U'[1571] U[1966] U'[2288] B'[2466] R[2586] R'[2869] U[3473] R[3779] F2'[4174] U2'[5213] B[5527],false,true,5527,0,5527,5527,16,16,19,2.89,F2L Slot 1,U2' S' L' F' B z,U2'[5745] S'[6196] L'[6325] F'[6502] B[7332] z[7590],false,true,1805,669,1136,7332,5,6,7,4.4,F2L Slot 2,U B' U R' U' R U R U' R' U R U' R' R B R' U' U R U R' U F' U' F,U[7848] B'[8025] U[8146] R'[8637] U'[8750] R[8807] U[10071] R[10217] U'[10290] R'[10387] U[10507] R[10612] U'[10685] R'[10749] R[12610] B[12788] R'[12900] U'[15817] U[16075] R[16542] U[16647] R'[16776] U[16848] F'[17299] U'[17412] F[17581],false,true,10249,693,9556,17581,26,26,26,2.72,F2L Slot 3,U' U' B' R B R' B U' B',U'[17952] U'[18750] B'[18887] R[18959] B[19064] R'[19129] B[19257] U'[19419] B'[19523],false,true,1942,1306,636,19523,9,9,9,14.15,F2L Slot 4,L L' U B' M' M B M' B' R R' U' B U M,L[20962] L'[21293] U[21454] B'[22026] M'[23646] M[24895] B[25394] M'[26013] B'[26222] R[26569] R'[26818] U'[28051] B[28309] U[28486] M[28784],false,true,9261,1439,7822,28784,15,19,19,1.92,OLL,U U' B U B' U B' R B R' B U2' B',U[29388] U'[30049] B[30275] U[30589] B'[30750] U[30839] B'[30998] R[31087] B[31208] R'[31280] B[31417] U2'[31635] B'[31715],false,true,2931,1491,1440,31715,13,13,14,9.03,PLL,B U B' R' B U B' U' B' R B2 U' B' U2,B[32432] U[32634] B'[32714] R'[32867] B[32948] U[33037] B'[33157] U'[33230] B'[33310] R[33383] B2[33560] U'[33601] B'[33697] U2[34173],false,true,2458,717,1741,34173,14,14,16,8.04,,,,,,,,,,,,,,,,,,,,,,,,,,
6ca6ecb9-b1f8-47e8-ba8d-d3e7b0b5b3a2,2025-04-04 08:26:13 UTC,false,23081,CFOP,Gan12uiM,Gan 12 UI Maglev,Gan 356i,RandomForest,false,false,4323,23081,,R[0] D[202] L[444] L[524] B'[983] U[1370] U[1459] L'[1934] D[2079] L[2224] R[2426] D[2554] R'[2643] L[2909] D'[3038] L'[3183] R[4980] D'[5055] D'[5143] R'[5256] D[5626] D[5755] B[6158] D[6319] B'[6488] D[6996] D[7157] D'[7584] D'[8551] R'[8720] D[8793] R[8938] D'[9316] D'[9429] R[9639] D'[9711] D'[9792] R'[9921] D[9977] B'[10444] D'[10541] B[10702] D[11306] D[11499] R'[11789] D'[11918] R[12055] D'[12200] D'[12313] R'[13103] D[13288] R[13465] D[14182] D[14327] D'[14802] D'[15109] L[15366] L'[15760] L[16276] B[16799] L'[16977] D[17283] R[17355] D'[17436] R'[17516] L[17742] B'[17815] L'[17928] D[18499] L[18797] B[18975] R'[19088] B[19168] R[19281] B'[19345] R'[19490] B[19555] R[19652] B'[19700] B'[19780] L'[19909] D[20618] R'[21398] R'[21463] F[21559] F[21817] R[21962] B[22034] R'[22115] F[22236] F[22534] R[22695] B'[22776] R[22880] D[22969] D[23081],,,gan12,custom_rules,L F D B' R2 L' D F L2 U2 B2 U' R2 U' B2 U2 R2 L2 B2 U' F2,random_state,custom_rules,,,,8,DB,0,0,23081,78,80,96,3.38,9046,14035,"",0,Cross,z2 L U R2 B' D2,z2[0] L[0] U[202] R2[524] B'[983] D2[1459],false,true,1459,0,1459,1459,5,5,7,3.43,F2L Slot 1,R' U R L U M F' R' x,R'[1934] U[2079] R[2224] L[2426] U[2554] M[2909] F'[3038] R'[3183] x[4081],false,true,1724,475,1249,3183,8,9,9,6.41,F2L Slot 2,L U2' L' U2 B U B',L[4980] U2'[5143] L'[5256] U2[5755] B[6158] U[6319] B'[6488],false,true,3305,1797,1508,6488,7,7,9,4.64,F2L Slot 3,U2 U' U' L' U L U2' L U2' L' U B' U' B,U2[7157] U'[7584] U'[8551] L'[8720] U[8793] L[8938] U2'[9429] L[9639] U2'[9792] L'[9921] U[9977] B'[10444] U'[10541] B[10702],false,true,4214,2232,1982,10702,14,14,17,7.06,F2L Slot 4,U2 L' U' L U2' L' U L,U2[11499] L'[11789] U'[11918] L[12055] U2'[12313] L'[13103] U[13288] L[13465],false,true,2763,1087,1676,13465,8,8,10,4.77,OLL,U2 U2' R R' R B R' U L U' M U' R' F R U L' U L U' L' U L U2' R' x,U2[14327] U2'[15109] R[15366] R'[15760] R[16276] B[16799] R'[16977] U[17283] L[17355] U'[17436] M[17742] U'[17815] R'[17928] F[18499] R[18797] U[18975] L'[19088] U[19168] L[19281] U'[19345] L'[19490] U[19555] L[19652] U2'[19780] R'[19909] x[20263],false,true,6444,1901,4543,19909,25,26,29,5.5,PLL,U L2' F2 L B L' F2 L B' L U2,U[20618] L2'[21463] F2[21817] L[21962] B[22034] L'[22115] F2[22534] L[22695] B'[22776] L[22880] U2[23081],false,true,3172,1554,1618,23081,11,11,15,6.8,,,,,,,,,,,,,,,,,,,,,,,,,,
9f246b19-0bc4-4c7e-a45e-994563edf6a2,2025-04-04 08:26:56 UTC,false,17802,CFOP,Gan12uiM,Gan 12 UI Maglev,Gan 356i,RandomForest,false,false,13205,17802,,U[0] R'[209] U'[378] R'[1039] D'[1426] L[1603] L[1700] L[2973] D'[3053] D'[3125] L'[3238] D'[3407] L[3544] D[3617] L'[3730] D'[6113] D'[6242] R'[6532] D[6677] D[6830] R[6935] L'[7273] D[7378] L[7523] R[9327] D'[9424] R'[9521] R'[9610] D[9690] R[9819] D[10729] B'[11052] D'[11190] D'[11303] B[11440] D'[11569] D'[11674] B'[11859] D[11924] B[12012] D[12600] B'[12850] L'[12939] F[13422] L'[13567] F'[13680] L[13768] L[13857] B[14051] D[14816] D[15009] D'[15372] B'[15605] D[15694] D[15823] B'[16113] U'[16271] B[16376] D'[16489] B'[16594] U[16642] B[16803] D[16868] B[16980] D'[17085] B'[17150] D'[17327] B[17383] D[17681] D[17802],,,gan12,custom_rules,D F B2 L2 F' R D R L' U' B2 U F2 L2 U' R2 F2 R2 D R2 D' L2,random_state,custom_rules,,,,8,DB,0,0,17802,59,59,70,3.31,9504,8298,"",0,Cross,z2 D L' D' L' U' R2,z2[0] D[0] L'[209] D'[378] L'[1039] U'[1426] R2[1700],false,true,1700,0,1700,1700,6,6,7,3.53,F2L Slot 1,R U2' R' U' R U R',R[2973] U2'[3125] R'[3238] U'[3407] R[3544] U[3617] R'[3730],false,true,2030,1273,757,3730,7,7,8,9.25,F2L Slot 2,U2' L' U2 L R' U R,U2'[6242] L'[6532] U2[6830] L[6935] R'[7273] U[7378] R[7523],false,true,3793,2802,991,7523,7,7,9,7.06,F2L Slot 3,L U' L2' U L,L[9327] U'[9424] L2'[9610] U[9690] L[9819],false,true,2296,1804,492,9819,5,5,6,10.16,F2L Slot 4,U B' U2' B U2' B' U B,U[10729] B'[11052] U2'[11303] B[11440] U2'[11674] B'[11859] U[11924] B[12012],false,true,2193,1233,960,12012,8,8,10,8.33,OLL,U B' R' F R' F' R2 B,U[12600] B'[12850] R'[12939] F[13422] R'[13567] F'[13680] R2[13857] B[14051],false,true,2039,838,1201,14051,8,8,9,6.66,PLL,U2 U' B' U2 B' D' B U' B' D B U B U' B' U' B U2,U2[15009] U'[15372] B'[15605] U2[15823] B'[16113] D'[16271] B[16376] U'[16489] B'[16594] D[16642] B[16803] U[16868] B[16980] U'[17085] B'[17150] U'[17327] B[17383] U2[17802],false,true,3751,1554,2197,17802,18,18,21,8.19,,,,,,,,,,,,,,,,,,,,,,,,,,
ab38bfcb-a2bd-4f6e-b435-789a3db97458,2025-04-04 08:27:41 UTC,false,20926,CFOP,Gan12uiM,Gan 12 UI Maglev,Gan 356i,RandomForest,false,false,11327,20926,,D[0] B'[136] L[265] U[765] U'[2215] U'[2562] R[2707] D'[2876] D'[3005] U[3948] U[4077] F[4391] F[4480] D[5257] B'[5491] D'[5620] B[5740] D[5918] L[6240] D[6393] L'[6490] R'[7586] D[7916] R[8110] D'[8448] B'[8609] D[8714] B[8843] D[10317] F[10680] D'[10752] D'[10865] F'[10978] D'[11171] F[11292] D[11389] F'[11470] B[12734] D'[12920] B'[13073] D[13186] D[13323] D'[13911] B'[14056] L[14145] B[14225] L'[14281] L'[15591] R[15599] D[15736] F[15897] D'[15945] F'[16074] D'[16187] L[16243] D[16372] R'[16445] D[17847] D[17919] B[18459] B[18548] D[18709] D'[18838] B'[18999] B'[19055] B[19361] D[19450] B'[19539] D'[19659] U[19668] B[19861] B[19941] D'[20046] B[20151] D'[20296] B'[20385] D[20457] B'[20497] D[20578] B[20692] B[20756] U'[20926],,,gan12,custom_rules,U' D2 L2 U B' L' F2 U F B2 R2 B2 D' F2 D2 L2 F2 R2 F2 D B2 R2,random_state,custom_rules,,,,8,DB,0,0,20926,69,71,82,3.3,8629,12297,"",0,Cross,z2 U B' R D D2' L U2' D2 F2,z2[0] U[0] B'[136] R[265] D[765] D2'[2562] L[2707] U2'[3005] D2[4077] F2[4480],false,true,4480,0,4480,4480,9,9,13,2.01,F2L Slot 1,U B' U' B U R U R',U[5257] B'[5491] U'[5620] B[5740] U[5918] R[6240] U[6393] R'[6490],false,true,2010,1011,999,6490,8,8,8,8.01,F2L Slot 2,L' U L U' B' U B,L'[7586] U[7916] L[8110] U'[8448] B'[8609] U[8714] B[8843],false,true,2353,1096,1257,8843,7,7,7,5.57,F2L Slot 3,U F U2' F' U' F U F',U[10317] F[10680] U2'[10865] F'[10978] U'[11171] F[11292] U[11389] F'[11470],false,true,2627,1837,790,11470,8,8,9,10.13,F2L Slot 4,B U' B' U2 U' B' R B R',B[12734] U'[12920] B'[13073] U2[13323] U'[13911] B'[14056] R[14145] B[14225] R'[14281],false,true,2811,1264,1547,14281,9,9,10,5.82,OLL,M' B U B' U' B' R B L' x',M'[15599] B[15736] U[15897] B'[15945] U'[16074] B'[16187] R[16243] B[16372] L'[16445] x'[17146],false,true,2164,1318,846,16445,9,10,10,10.64,PLL,U2 B2 U U' B2' B U B' E' R2 U' R U' R' U R' U R2 D',U2[17919] B2[18548] U[18709] U'[18838] B2'[19055] B[19361] U[19450] B'[19539] E'[19668] R2[19941] U'[20046] R[20151] U'[20296] R'[20385] U[20457] R'[20497] U[20578] R2[20756] D'[20926],false,true,4481,2103,2378,20926,19,20,25,7.99,,,,,,,,,,,,,,,,,,,,,,,,,,
8bc9b7fe-c7cb-4081-a5b1-368fa7a6794b,2025-04-04 08:29:22 UTC,false,18368,CFOP,Gan12uiM,Gan 12 UI Maglev,Gan 356i,RandomForest,false,false,13757,18368,,R[0] R[88] D[620] F[1047] L[1434] D[1966] B[2159] B[2248] D[4077] B[5005] D'[5311] B'[5416] F'[5641] R'[5770] B[5923] R[6004] F[6270] B'[6286] D'[6810] B[7100] D'[7180] B'[7285] D[7438] D[7535] F'[7744] D'[7857] F[7986] B[8663] D'[8744] D'[8840] B'[8945] D[9146] F[9316] D[9420] F'[9557] D[10738] D[10851] B[11012] D'[11093] B'[11190] B[11367] B'[11448] D[11568] B[11714] D'[11810] B'[11931] D[11963] B[12036] D'[12084] B'[12157] D[12632] D'[12898] B'[13381] L[13446] B[13551] L'[13607] B'[13841] L[13889] B[13994] L'[14058] B[14171] D[14284] B'[14372] D'[14469] B[14550] D[14671] B'[14727] B'[16055] D[16096] D[16192] B'[16676] U'[16837] B[16974] D'[17062] B'[17151] U[17207] B[17369] D[17441] B[17538] D'[17627] B'[17691] D'[17844] B[17876] D[18295] D[18368],,,gan12,custom_rules,F2 R F U R2 U D L2 D R F R2 U' L2 F2 D2 B2 U' D2 L2 F2 U,random_state,custom_rules,,,,8,DB,0,0,18368,77,78,85,4.19,8255,10025,"",0,Cross,z2 L2 U F R U B2,z2[44] L2[88] U[620] F[1047] R[1434] U[1966] B2[2248],false,true,2160,0,2160,2248,6,6,8,2.78,F2L Slot 1,U B U' B' F' L' B L S' z,U[4077] B[5005] U'[5311] B'[5416] F'[5641] L'[5770] B[5923] L[6004] S'[6286] z[6548],false,true,4038,2757,1281,6286,9,10,10,7.03,F2L Slot 2,U' B U' B' U2 F' U' F,U'[6810] B[7100] U'[7180] B'[7285] U2[7535] F'[7744] U'[7857] F[7986],false,true,1700,814,886,7986,8,8,9,9.03,F2L Slot 3,B U2' B' U F U F',B[8663] U2'[8840] B'[8945] U[9146] F[9316] U[9420] F'[9557],false,true,1571,677,894,9557,7,7,8,7.83,F2L Slot 4,U2 B U' B' B B' U B U' B' U B U' B',U2[10851] B[11012] U'[11093] B'[11190] B[11367] B'[11448] U[11568] B[11714] U'[11810] B'[11931] U[11963] B[12036] U'[12084] B'[12157],false,true,2600,1455,1145,12157,14,14,15,12.23,OLL,U U' B' R B R' B' R B R' B U B' U' B U B',U[12632] U'[12898] B'[13381] R[13446] B[13551] R'[13607] B'[13841] R[13889] B[13994] R'[14058] B[14171] U[14284] B'[14372] U'[14469] B[14550] U[14671] B'[14727],false,true,2570,1224,1346,14727,17,17,17,12.63,PLL,B' U2 B' D' B U' B' D B U B U' B' U' B U2,B'[16055] U2[16192] B'[16676] D'[16837] B[16974] U'[17062] B'[17151] D[17207] B[17369] U[17441] B[17538] U'[17627] B'[17691] U'[17844] B[17876] U2[18368],false,true,3641,1328,2313,18368,16,16,18,6.92,,,,,,,,,,,,,,,,,,,,,,,,,,
6a0b9f7c-b76b-4070-bae4-9e12d070064a,2025-04-04 08:32:12 UTC,false,18912,CFOP,Gan12uiM,Gan 12 UI Maglev,Gan 356i,RandomForest,false,false,8596,18912,,R'[0] B[65] L[298] F'[564] R'[975] R'[1056] U[1491] R'[2103] R[2361] D[2579] L'[2804] D[2869] L[2973] D'[3255] D'[3433] B[3803] D[3932] B'[4367] B[5309] D[5438] B'[5567] D[5881] D[6099] R'[6550] B[6663] R[7090] B'[7162] F[8468] D'[8540] F'[8653] D[8790] F'[9024] D'[9104] F[9241] D'[9837] D'[10159] F[10264] D[10353] F'[10466] D[10506] F[10595] D[10708] F'[10748] D[11417] D[12255] B[12448] B'[12794] R[13117] D[13326] F[13471] D'[13511] F'[13624] F'[13680] R'[13761] F[13906] D[13979] F[14075] D'[14124] F'[14188] D[15697] D[15777] D'[16672] F'[16849] D[16897] D[16994] F'[17179] U'[17308] F[17429] D'[17518] F'[17574] U[17655] F[17816] D[17897] F[18017] D'[18098] F'[18162] D'[18323] F[18364] D[18912],,,gan12,custom_rules,U2 L B' L' F D' R D L' B R2 U2 F2 R2 B2 R2 U L2 D F2 B2 R2,random_state,custom_rules,,,,8,DB,0,0,18912,72,72,79,3.81,8285,10627,"",0,Cross,z2 L' B R F' L2' D,z2[0] L'[0] B[65] R[298] F'[564] L2'[1056] D[1491],false,true,1491,0,1491,1491,6,6,7,4.02,F2L Slot 1,L' L U R' U R U2' B U B' B U B',L'[2103] L[2361] U[2579] R'[2804] U[2869] R[2973] U2'[3433] B[3803] U[3932] B'[4367] B[5309] U[5438] B'[5567],false,true,4076,612,3464,5567,13,13,14,3.75,F2L Slot 2,U2 L' B L B',U2[6099] L'[6550] B[6663] L[7090] B'[7162],false,true,1595,983,612,7162,5,5,6,8.17,F2L Slot 3,F U' F' U F' U' F,F[8468] U'[8540] F'[8653] U[8790] F'[9024] U'[9104] F[9241],false,true,2079,1306,773,9241,7,7,7,9.06,F2L Slot 4,U2' F U F' U F U F',U2'[10159] F[10264] U[10353] F'[10466] U[10506] F[10595] U[10708] F'[10748],false,true,1507,1023,484,10748,8,8,9,16.53,OLL,U U B B' L U F U' F2' L' F U F U' F',U[11417] U[12255] B[12448] B'[12794] L[13117] U[13326] F[13471] U'[13511] F2'[13680] L'[13761] F[13906] U[13979] F[14075] U'[14124] F'[14188],false,true,3440,1700,1740,14188,15,15,16,8.62,PLL,U2 U' F' U2 F' D' F U' F' D F U F U' F' U' F U,U2[15777] U'[16672] F'[16849] U2[16994] F'[17179] D'[17308] F[17429] U'[17518] F'[17574] D[17655] F[17816] U[17897] F[18017] U'[18098] F'[18162] U'[18323] F[18364] U[18912],false,true,4724,2661,2063,18912,18,18,20,8.73,,,,,,,,,,,,,,,,,,,,,,,,,,
9590680c-4f34-4d70-9c24-fd97552342b1,2025-04-04 08:32:53 UTC,false,19658,CFOP,Gan12uiM,Gan 12 UI Maglev,Gan 356i,RandomForest,false,false,8803,19658,,U[0] F'[145] R[411] R[516] U[1563] R'[1757] U[1910] D'[3336] D'[3465] R[3723] D'[3836] D'[3948] R'[4085] D[4238] D[4351] R[4464] D'[4569] R'[4665] D[5339] D[5444] L'[5822] D[5911] L[6177] D[6394] B[6821] D[6958] B'[7039] F[7394] D'[7514] F'[7659] D[8288] D[8602] F'[8771] D[8860] F[8973] D'[9094] F'[9222] D'[9319] F[9440] D[10753] D[10866] R[11229] L'[11237] D[11398] F[11503] D'[11623] F'[11688] D'[11785] L[11841] D[11946] R'[11986] D[13308] F[13662] B'[13670] F[13783] B'[13791] U[13896] F[14073] B'[14081] F[14121] B'[14129] D[14226] D[14323] F[14476] B'[14484] F[14557] B'[14565] F[14806] B'[14839] B[15121] F'[15145] U[15282] F[15419] B'[15420] F[15420] B'[15572] F[16709] B'[16710] F[16710] B'[16830] U'[17410] B[17498] F'[17530] L[17651] L[17740] F[17933] B'[17941] U'[18062] U'[18739] U[19166] F[19376] B'[19384] F[19496] B'[19513] D'[19658],,,gan12,custom_rules,D2 F' R' D R2 D R B L D L F2 D L2 U F2 U' R2 F2 U2 B2 U,random_state,custom_rules,,,,8,DB,0,0,19658,61,71,95,3.1,8039,11619,"",0,Cross,z2 D F' L2 D L' D,z2[0] D[0] F'[145] L2[516] D[1563] L'[1757] D[1910],false,true,1910,0,1910,1910,6,6,7,3.14,F2L Slot 1,U2' L U2' L' U2 L U' L',U2'[3465] L[3723] U2'[3948] L'[4085] U2[4351] L[4464] U'[4569] L'[4665],false,true,2755,1813,942,4665,8,8,11,8.49,F2L Slot 2,U2 R' U R U B U B',U2[5444] R'[5822] U[5911] R[6177] U[6394] B[6821] U[6958] B'[7039],false,true,2374,1157,1217,7039,8,8,9,6.57,F2L Slot 3,F U' F',F[7394] U'[7514] F'[7659],false,true,620,355,265,7659,3,3,3,11.32,F2L Slot 4,U2 F' U F U' F' U' F,U2[8602] F'[8771] U[8860] F[8973] U'[9094] F'[9222] U'[9319] F[9440],false,true,1781,1112,669,9440,8,8,9,11.96,OLL,U2 M' B U B' U' B' R B L' x',U2[10866] M'[11237] B[11398] U[11503] B'[11623] U'[11688] B'[11785] R[11841] B[11946] L'[11986] x'[12647],false,true,2546,1797,749,11986,10,11,12,13.35,PLL,U S2' U S2' U2 S3' S U S2' S2' U' S U2 S' U2' U S2' U',U[13308] S2'[13791] U[13896] S2'[14129] U2[14323] S3'[14839] S[15145] U[15282] S2'[15572] S2'[16830] U'[17410] S[17530] U2[17740] S'[17941] U2'[18739] U[19166] S2'[19513] U'[19658],false,true,7672,1805,5867,19658,18,27,44,3.07,,,,,,,,,,,,,,,,,,,,,,,,,,
5b77ecc8-c69c-4a73-a6c5-3ee54855d7a3,2025-04-04 08:33:44 UTC,false,18938,CFOP,Gan12uiM,Gan 12 UI Maglev,Gan 356i,RandomForest,false,false,16602,18938,,L'[0] B'[177] L'[669] F[774] L[894] R'[1523] U[1700] F'[1885] U'[2006] R'[2941] D'[3150] R[3288] D'[3457] F[4286] D[4391] F'[4520] D'[4730] D[5596] B'[5822] B'[5975] L[6031] B[6168] L'[6249] B[6321] D'[6926] B[7055] D[7143] B'[7232] B'[7304] L[7369] B[7482] L'[7530] B[7901] D'[8014] B'[8062] D[8787] D[8892] F'[9117] D[9182] D[9287] F[9464] F[9947] D[10076] F'[10197] D'[10519] D'[10839] L'[11460] F[11613] L[11782] F'[11903] D[12523] D[12636] D[13715] D[13829] F[14151] L[14594] F'[14755] B[14956] D[15069] B'[15134] D'[15222] F[15351] L'[15464] F'[15537] D[16295] D[16924] B[17117] D'[17214] B[17496] D[17576] B'[17657] U[17746] B[17891] U'[17955] B[18108] D'[18173] U[18205] B'[18318] B'[18382] D[18430] B[18568] B[18632] U'[18737] B'[18882] B'[18938],,,gan12,custom_rules,L B' R D2 F2 D2 L' B U F2 B2 U F2 U' R2 B2 D R2 D2 F2 L2,random_state,custom_rules,,,,8,DB,0,0,18938,71,73,85,3.75,7815,11123,"",0,Cross,z2 R' B' R' F R L' D F' D',z2[0] R'[0] B'[177] R'[669] F[774] R[894] L'[1523] D[1700] F'[1885] D'[2006],false,true,2006,0,2006,2006,9,9,9,4.49,F2L Slot 1,L' U' L U' F U F' U' U B2' R B R' B,L'[2941] U'[3150] L[3288] U'[3457] F[4286] U[4391] F'[4520] U'[4730] U[5596] B2'[5975] R[6031] B[6168] R'[6249] B[6321],false,true,4315,935,3380,6321,14,14,15,4.14,F2L Slot 2,U' B U B2' R B R' B U' B',U'[6926] B[7055] U[7143] B2'[7304] R[7369] B[7482] R'[7530] B[7901] U'[8014] B'[8062],false,true,1741,734,1007,8062,10,10,11,9.93,F2L Slot 3,U2 F' U2 F2 U F',U2[8892] F'[9117] U2[9287] F2[9947] U[10076] F'[10197],false,true,2135,1055,1080,10197,6,6,9,5.56,F2L Slot 4,U2' R' F R F',U2'[10839] R'[11460] F[11613] R[11782] F'[11903],false,true,1706,1263,443,11903,5,5,6,11.29,OLL,U2 U2 F R S R B' R' F D' F' z',U2[12636] U2[13829] F[14151] R[14594] S[14956] R[15069] B'[15134] R'[15222] F[15351] D'[15464] F'[15537] z'[15916],false,true,3634,2248,1386,15537,11,12,14,7.94,PLL,U2 B U' B U B' D B D' B E' R2' U R2 D' R2',U2[16924] B[17117] U'[17214] B[17496] U[17576] B'[17657] D[17746] B[17891] D'[17955] B[18108] E'[18205] R2'[18382] U[18430] R2[18632] D'[18737] R2'[18938],false,true,3401,1580,1821,18938,16,17,21,8.79,,,,,,,,,,,,,,,,,,,,,,,,,,
90e1fb26-addb-4698-ba7a-7db44bd47a3a,2025-04-04 08:34:26 UTC,false,23169,CFOP,Gan12uiM,Gan 12 UI Maglev,Gan 356i,RandomForest,false,false,4660,23169,,B[0] L[234] L[355] U[741] U[862] L'[1169] B[1402] B[1499] B'[2087] D[3263] D[4850] D[5395] L'[5765] D'[5894] L[5975] D'[7369] D'[7956] D'[8085] D[8746] D[9092] R'[9286] D'[9398] R[9535] D[10494] B'[10865] D[10986] B[11123] D'[11268] D'[11316] B'[11493] D[11622] B[11759] D'[12597] D[13089] F'[13427] D[13588] F[13829] D'[14208] F'[14732] D'[14876] F[14957] D'[15872] D[16493] D'[16968] D'[17057] R[17371] F'[17516] R'[17620] F[17733] F[17886] B'[18289] L[18353] F[18555] L'[18772] F'[19328] L'[19401] B[19602] F'[19610] D[20174] F'[21147] R[21445] F'[21526] L[21574] L[21815] F[21977] R'[22033] F'[22146] L[22178] L[22396] F[22516] F[22565] D'[23169],,,gan12,custom_rules,R' U2 D' B' D' R D2 B L U2 F2 L2 U F2 D' R2 U' L2 U' F2 D F2,random_state,custom_rules,,,,8,DB,0,0,23169,58,59,72,2.5,10357,12812,"",0,Cross,z2 B R2 D2 R' B,z2[0] B[0] R2[355] D2[862] R'[1169] B[1402],false,true,1402,0,1402,1402,5,5,7,3.57,F2L Slot 1,B B' U U2 R' U' R,B[1499] B'[2087] U[3263] U2[5395] R'[5765] U'[5894] R[5975],false,true,4573,97,4476,5975,7,7,8,1.56,F2L Slot 2,U3' U2 L' U' L,U3'[8085] U2[9092] L'[9286] U'[9398] L[9535],false,true,3560,3311,249,9535,5,5,8,20.08,F2L Slot 3,U B' U B U2' B' U B,U[10494] B'[10865] U[10986] B[11123] U2'[11316] B'[11493] U[11622] B[11759],false,true,2224,1330,894,11759,8,8,9,8.95,F2L Slot 4,U' U F' U F U' F' U' F,U'[12597] U[13089] F'[13427] U[13588] F[13829] U'[14208] F'[14732] U'[14876] F[14957],false,true,3198,1668,1530,14957,9,9,9,5.88,OLL,U' U U2' L F' L' F2 B' R F R' F' R' S z',U'[15872] U[16493] U2'[17057] L[17371] F'[17516] L'[17620] F2[17886] B'[18289] R[18353] F[18555] R'[18772] F'[19328] R'[19401] S[19610] z'[19892],false,true,4653,2414,2239,19610,14,15,17,6.25,PLL,U F' L F' R2 F L' F' R2 F2 U',U[20174] F'[21147] L[21445] F'[21526] R2[21815] F[21977] L'[22033] F'[22146] R2[22396] F2[22565] U'[23169],false,true,3559,1537,2022,23169,11,11,14,5.44,,,,,,,,,,,,,,,,,,,,,,,,,,